{"epoch": 49, "Train Loss": 0.9378479258918763, "Train Accuracy": 67.01600000572205, "_timestamp": 1747911255.1284163, "_runtime": 70.22005438804626, "_step": 99, "Test Loss": 1.0845090492248535, "Test Accuracy": 62.5, "_wandb": {"runtime": 69}}